id_partido,fecha,liga,temporada,equipo_home,rival_home,es_local_home,goles_favor_home,goles_contra_home,xg_favor_home,xg_contra_home,xg_favor_roll_5_home,xg_contra_roll_5_home,xg_diff_roll_5_home,xg_favor_roll_10_home,xg_contra_roll_10_home,xg_diff_roll_10_home,conversion_ratio_10_home,equipo_away,rival_away,es_local_away,goles_favor_away,goles_contra_away,xg_favor_away,xg_contra_away,xg_favor_roll_5_away,xg_contra_roll_5_away,xg_diff_roll_5_away,xg_favor_roll_10_away,xg_contra_roll_10_away,xg_diff_roll_10_away,conversion_ratio_10_away,cuota_home,cuota_draw,cuota_away,target_1x2,tendencia_xg_home,tendencia_xg_away,diff_xg_10_h_vs_a,prob_empate,prob_local,prob_visita
20250518_West Ham_Nottingham Forest,2025-05-18 13:15:00,ENG-Premier League,2425,West Ham,Nottingham Forest,1,1,2,0.850457,2.14756,1.4006120000000002,1.3612238,0.0393882,1.2685847,1.2966737000000002,-0.028089,0.945935304173774,Nottingham Forest,West Ham,0,2,1,2.14756,0.850457,0.8116335999999998,1.750632,-0.9389984,0.7855228000000001,1.5813263000000002,-0.7958035000000001,1.5276430835068269,1.4,4.9,8.19,2,0.0674772,-0.1431948999999999,0.4830618999999998,0.2812569,0.50861365,0.21012947
20250518_Leicester_Ipswich,2025-05-18 14:00:00,ENG-Premier League,2425,Leicester,Ipswich,1,2,0,0.788544,1.36957,1.220661,2.6242768,-1.4036157999999996,0.8265236,2.3245874,-1.4980638,0.725931206403294,Ipswich,Leicester,0,0,2,1.36957,0.788544,0.756807,2.3931682000000003,-1.6363612000000003,0.926766,2.2619841000000003,-1.3352181000000003,1.1869218476704502,1.4,4.9,8.19,1,0.09444800000000031,-0.3011431,-0.10024239999999995,0.21365659,0.3610121,0.42533132
20250518_Brentford_Fulham,2025-05-18 14:00:00,ENG-Premier League,2425,Brentford,Fulham,1,2,3,2.43045,1.61741,1.9944846000000005,0.9061037999999996,1.0883808000000006,1.6446706,1.3047719,0.3398987,0.9728385897829088,Fulham,Brentford,0,3,2,1.61741,2.43045,1.0570458,1.2322342000000002,-0.1751884000000001,1.1637546,1.4151234,-0.2513688,1.1170730349224527,1.4,4.9,8.19,2,0.7484821000000006,0.0761803999999999,0.4809159999999999,0.15754057,0.75618833,0.08627111
20250518_Arsenal_Newcastle United,2025-05-18 15:30:00,ENG-Premier League,2425,Arsenal,Newcastle United,1,1,0,1.15958,2.24634,1.9490538,1.4902524,0.4588013999999998,1.7293603999999998,1.2227789,0.5065814999999998,0.8673721987781156,Newcastle United,Arsenal,0,0,1,2.24634,1.15958,2.204938,1.3781364,0.8268015999999998,2.145852,1.1788091,0.9670429,1.025233322133436,1.4,4.9,8.19,1,-0.04778009999999999,-0.14024130000000024,-0.4164916000000003,0.16248547,0.5594261,0.27808845
20250518_Real Valladolid_Alaves,2025-05-18 17:00:00,ESP-La Liga,2425,Real Valladolid,Alaves,1,0,1,0.890453,1.22692,1.4221507999999998,2.032924,-0.6107732000000001,1.1572194,2.254611,-1.0973915999999997,0.7777256605569691,Alaves,Real Valladolid,0,1,0,1.22692,0.890453,1.146432,0.9389780000000002,0.2074539999999997,1.1459924999999995,1.2951803,-0.1491878000000002,0.610823708860478,1.4,4.9,8.19,2,0.48661839999999956,0.3566417999999999,0.011226900000000484,0.32420877,0.22090127,0.45488992
20250518_Celta Vigo_Rayo Vallecano,2025-05-18 17:00:00,ESP-La Liga,2425,Celta Vigo,Rayo Vallecano,1,1,2,2.4242,0.906857,2.0182922,2.43234,-0.4140478000000001,1.6000597,1.5977459,0.0023137999999998,1.1249573219315994,Rayo Vallecano,Celta Vigo,0,2,1,0.906857,2.4242,1.0760354,1.6210024,-0.5449670000000002,1.0128852,1.7669526999999998,-0.7540674999999999,1.0860055157232869,1.4,4.9,8.19,2,-0.4163615999999999,0.2091004999999997,0.5871745000000002,0.34028658,0.42694086,0.2327726
20250518_Real Sociedad_Girona,2025-05-18 17:00:00,ESP-La Liga,2425,Real Sociedad,Girona,1,3,2,1.87253,1.64512,1.4549846000000002,1.2416234,0.2133612000000002,1.3744228,1.1606842,0.2137386000000001,0.654819859784151,Girona,Real Sociedad,0,2,3,1.64512,1.87253,1.0986486000000002,1.3381690000000002,-0.2395203999999999,1.105908,1.3483355,-0.2424275,0.7233868247749137,1.4,4.9,8.19,1,-0.0003773999999999167,0.002907100000000079,0.26851480000000016,0.20093167,0.6858227,0.113245614
20250518_Barcelona_Villarreal,2025-05-18 17:00:00,ESP-La Liga,2425,Barcelona,Villarreal,1,2,3,1.569,1.96183,2.6108634,1.5308182,1.0800452,2.5176357,1.0621587,1.455477,1.032714529463286,Villarreal,Barcelona,0,3,2,1.96183,1.569,1.7640879999999997,1.523335,0.2407529999999997,1.72765,1.4993652999999998,0.2282847000000001,0.9261129707330936,1.4,4.9,8.19,2,-0.37543179999999987,0.0124682999999996,0.7899857000000001,0.18759224,0.7196832,0.092724584
20250518_Las Palmas_Leganes,2025-05-18 17:00:00,ESP-La Liga,2425,Las Palmas,Leganes,1,0,1,0.513718,1.06274,0.9433272,1.401471,-0.4581438000000001,1.0910495,1.6329825,-0.541933,0.9165478591504244,Leganes,Las Palmas,0,1,0,1.06274,0.513718,1.0671192,1.6073936,-0.5402743999999999,1.3112766,1.8803798,-0.5691032,0.9151380302691056,1.4,4.9,8.19,2,0.0837891999999999,0.0288288000000001,-0.2202271,0.3143762,0.26432395,0.4212998
20250518_Sevilla_Real Madrid,2025-05-18 17:00:00,ESP-La Liga,2425,Sevilla,Real Madrid,1,0,2,0.484891,1.95992,1.742627,0.7680564000000001,0.9745706,1.2780881000000002,0.9846103,0.2934778000000002,0.704176258134116,Real Madrid,Sevilla,0,2,0,1.95992,0.484891,2.650424,1.8760768000000003,0.7743471999999998,2.416571,1.6677145,0.7488564999999998,0.7862376953800674,1.4,4.9,8.19,2,0.6810927999999998,0.025490699999999977,-1.1384828999999996,0.22380407,0.41501155,0.36118433
20250518_Osasuna_Espanyol,2025-05-18 17:00:00,ESP-La Liga,2425,Osasuna,Espanyol,1,2,0,1.92502,0.572332,1.4903562,1.2779326000000002,0.2124235999999997,1.439772,1.5484744,-0.1087023999999998,0.9029201131011624,Espanyol,Osasuna,0,0,2,0.572332,1.92502,1.1690486,1.2566154000000005,-0.0875668000000002,1.1650152,1.1910137,-0.0259985,1.1158643115863969,1.4,4.9,8.19,1,0.3211259999999995,-0.061568300000000194,0.2747568,0.34973115,0.30939955,0.34086934
20250518_Mallorca_Getafe,2025-05-18 17:00:00,ESP-La Liga,2425,Mallorca,Getafe,1,1,2,0.809089,1.55977,0.8230976,2.4780388,-1.6549411999999997,0.9839877,1.5982085,-0.6142207999999998,0.9146446498826662,Getafe,Mallorca,0,2,1,1.55977,0.809089,1.0800508,1.5277636,-0.4477128000000001,1.3060117,1.3973052,-0.0912934999999999,0.7656893382430355,1.4,4.9,8.19,2,-1.0407203999999999,-0.35641930000000016,-0.322024,0.28659102,0.21314079,0.50026816
20250518_Atletico Madrid_Real Betis,2025-05-18 17:00:00,ESP-La Liga,2425,Atletico Madrid,Real Betis,1,4,1,4.94276,0.821908,1.5100108,0.8363700000000002,0.6736407999999997,1.5959732,1.0926034999999998,0.5033697000000001,1.0651801263454008,Real Betis,Atletico Madrid,0,1,4,0.821908,4.94276,1.4273076,1.2690677999999995,0.1582398000000002,1.556335,1.2007257,0.3556093,1.3493230253621329,1.4,4.9,8.19,1,0.17027109999999956,-0.1973694999999998,0.03963819999999996,0.29305023,0.41311097,0.2938388
20250518_Valencia_Athletic Club,2025-05-18 17:00:00,ESP-La Liga,2425,Valencia,Athletic Club,1,0,1,0.388682,1.16214,1.6747295999999998,1.1058228,0.5689067999999999,1.5212302000000002,1.2284052,0.2928250000000003,0.986043410100976,Athletic Club,Valencia,0,1,0,1.16214,0.388682,1.1374678,1.1388356,-0.0013677999999999,1.2005538,1.115731,0.0848227999999999,0.7496534102399991,1.4,4.9,8.19,2,0.27608179999999966,-0.08619059999999981,0.3206764000000002,0.2574956,0.6280505,0.11445388
20250518_Parma Calcio 1913_Napoli,2025-05-18 18:45:00,ITA-Serie A,2425,Parma Calcio 1913,Napoli,1,0,0,0.296751,0.379711,1.1282228,1.1085196,0.0197032000000001,1.0525266,1.2198934,-0.1673667999999999,0.8550844652434768,Napoli,Parma Calcio 1913,0,0,0,0.379711,0.296751,1.6467756000000002,0.7666408,0.8801348000000002,1.6110422,0.9755591,0.6354831000000001,0.9310737291216028,1.4,4.9,8.19,0,0.18707000000000001,0.24465170000000014,-0.5585156,0.21922277,0.25201207,0.52876514
20250518_Juventus_Udinese,2025-05-18 18:45:00,ITA-Serie A,2425,Juventus,Udinese,1,2,0,2.61362,0.358909,1.1480267999999998,0.8497292,0.2982975999999998,1.1757546,1.0596657,0.1160888999999998,0.8505168931366349,Udinese,Juventus,0,0,2,0.358909,2.61362,1.0720028,1.4418272,-0.3698243999999999,1.1426453,1.3377243,-0.195079,0.525096873809507,1.4,4.9,8.19,1,0.18220869999999997,-0.17474539999999988,0.03310930000000001,0.36265936,0.38580453,0.2515361
20250518_Fiorentina_Bologna,2025-05-18 18:45:00,ITA-Serie A,2425,Fiorentina,Bologna,1,3,2,1.43018,1.51953,0.75646,0.9421836,-0.1857235999999998,1.1761034,1.2459515,-0.0698480999999997,1.1053440493888127,Bologna,Fiorentina,0,2,3,1.51953,1.43018,0.7127536,0.8882776000000001,-0.1755240000000001,1.2464218,0.8685353000000001,0.3778864999999999,1.1232143699553634,1.4,4.9,8.19,1,-0.11587550000000009,-0.5534105,-0.07031840000000011,0.1868621,0.25194544,0.56119245
20250518_Cagliari_Venezia,2025-05-18 18:45:00,ITA-Serie A,2425,Cagliari,Venezia,1,3,0,2.75115,0.773148,1.0671247999999998,1.3082328,-0.2411080000000003,1.0047424,1.3190346,-0.3142921999999999,1.0948068929838206,Venezia,Cagliari,0,0,3,0.773148,2.75115,1.4896500000000004,1.1886146,0.3010354000000004,1.2242663,1.4625043,-0.2382379999999999,0.6534520688415022,1.4,4.9,8.19,1,0.07318419999999962,0.5392734000000003,-0.2195239,0.30233523,0.17944293,0.5182218
20250518_Inter_Lazio,2025-05-18 18:45:00,ITA-Serie A,2425,Inter,Lazio,1,2,2,1.59363,2.33497,1.5136733999999998,1.3741208,0.1395525999999998,1.7882604,1.3061468,0.4821135999999999,0.8947237803153387,Lazio,Inter,0,2,2,2.33497,1.59363,1.534486,0.6289879999999999,0.905498,1.4279765999999998,1.0200705,0.4079060999999999,0.8403493164038428,1.4,4.9,8.19,0,-0.3425610000000001,0.49759190000000014,0.36028380000000015,0.18884163,0.7313039,0.079854526
20250518_Verona_Como,2025-05-18 18:45:00,ITA-Serie A,2425,Verona,Como,1,1,1,1.55405,1.12443,0.4771424000000001,1.2163902,-0.7392477999999998,0.6569191,1.1222474,-0.4653283,0.6089020567341448,Como,Verona,0,1,1,1.12443,1.55405,1.589866,1.3448814,0.2449846,1.608052,1.4698527,0.1381992999999999,0.9949920804849094,1.4,4.9,8.19,0,-0.2739194999999998,0.10678530000000011,-0.9511329000000001,0.2502804,0.20317104,0.5465485
20250518_Roma_AC Milan,2025-05-18 18:45:00,ITA-Serie A,2425,Roma,AC Milan,1,3,1,1.57656,1.78592,1.1681161999999998,1.3981016,-0.2299854000000001,1.5325141,1.1153545399999998,0.4171595600000002,0.7177743305759271,AC Milan,Roma,0,1,3,1.78592,1.57656,1.4621274,0.9276766,0.5344507999999999,1.8042867,1.3708927,0.433394,1.1084706723877793,1.4,4.9,8.19,1,-0.6471449600000003,0.10105679999999989,-0.27177260000000003,0.3164097,0.5152764,0.16831392
20250518_Lecce_Torino,2025-05-18 18:45:00,ITA-Serie A,2425,Lecce,Torino,1,1,0,0.970765,0.476384,0.917533,1.478788,-0.561255,1.0294028,1.5978837,-0.5684809000000002,0.6800052612978503,Torino,Lecce,0,0,1,0.476384,0.970765,1.2327346,1.3954934,-0.1627587999999997,1.0614971,1.4042941,-0.342797,0.9420648044494851,1.4,4.9,8.19,1,0.007225900000000229,0.18003820000000031,-0.03209430000000002,0.29431927,0.2582423,0.4474384
20250518_Monza_Empoli,2025-05-18 18:45:00,ITA-Serie A,2425,Monza,Empoli,1,1,3,1.03178,1.95845,0.9092326,1.7888779999999995,-0.8796453999999998,0.8861479000000001,1.8284468,-0.9422989,0.67708711256088,Empoli,Monza,0,3,1,1.95845,1.03178,0.8316872,1.1616022,-0.3299150000000002,0.91508744,1.1837204,-0.2686329599999998,0.7649533852706083,1.4,4.9,8.19,2,0.06265350000000025,-0.06128204000000037,-0.028939539999999875,0.27341187,0.2918107,0.43477738
20250519_Brighton_Liverpool,2025-05-19 19:00:00,ENG-Premier League,2425,Brighton,Liverpool,1,3,2,2.17789,3.065,1.6667206,1.7105320000000002,-0.0438114,1.6798502,1.4640112,0.2158389999999999,1.0119943956940949,Liverpool,Brighton,0,2,3,3.065,2.17789,2.528128,1.5836773999999998,0.9444506000000004,2.2541488000000003,1.2022029,1.0519459000000002,0.9316151038409248,2.69,3.83,2.49,1,-0.2596503999999999,-0.10749529999999985,-0.5742986000000003,0.19772333,0.5253505,0.2769262
20250520_Crystal Palace_Wolverhampton Wanderers,2025-05-20 19:00:00,ENG-Premier League,2425,Crystal Palace,Wolverhampton Wanderers,1,4,2,1.68451,1.42886,2.3088556,1.271737,1.0371186000000003,2.1428093,1.5215526,0.6212567000000002,0.700015302334509,Wolverhampton Wanderers,Crystal Palace,0,2,4,1.42886,1.68451,1.2701298,1.2180626,0.0520671999999997,1.2545962,1.2777268999999998,-0.0231306999999998,1.1956028596269783,2.29,3.37,3.34,1,0.4158619000000001,0.0751978999999995,0.8882131000000002,0.18058556,0.71268386,0.10673057
20250520_Manchester City_Bournemouth,2025-05-20 19:00:00,ENG-Premier League,2425,Manchester City,Bournemouth,1,3,1,1.59779,0.962014,2.0567086,0.954684,1.1020246,1.8177151,1.0008257,0.8168893999999998,0.8252113737673337,Bournemouth,Manchester City,0,1,3,0.962014,1.59779,1.1144586,1.2997676000000002,-0.1853090000000001,1.5471543,1.435231,0.1119232999999999,0.7109822782496367,2.29,3.37,3.34,1,0.28513520000000026,-0.2972323,0.27056079999999993,0.22327636,0.6524556,0.12426799
20250523_Napoli_Cagliari,2025-05-23 18:45:00,ITA-Serie A,2425,Napoli,Cagliari,1,2,0,2.16118,0.0969696,1.2952838000000002,0.5514370000000001,0.7438468000000001,1.4761393,0.9599745,0.5161648,0.948419333853293,Cagliari,Napoli,0,0,2,0.0969696,2.16118,1.4344981999999995,1.1196564,0.3148417999999997,1.2118254,1.1705484,0.041277,1.0727609169102108,1.98,3.92,3.72,1,0.22768200000000016,0.2735647999999997,0.2643139000000001,0.36185846,0.48998576,0.1481558
20250523_Como_Inter,2025-05-23 18:45:00,ITA-Serie A,2425,Como,Inter,1,0,2,1.49032,2.27789,1.568594,1.4473614,0.1212325999999999,1.590861,1.4657397,0.1251213,1.0057440557383357,Inter,Como,0,2,0,2.27789,1.49032,1.4891934,1.6582582,-0.1690648000000001,1.9023637,1.3667698,0.5355938999999998,0.8936246556719645,1.98,3.92,3.72,2,-0.003888700000000092,-0.7046587,-0.3115026999999999,0.18821275,0.4176862,0.39410108
20250523_Real Betis_Valencia,2025-05-23 19:00:00,ESP-La Liga,2425,Real Betis,Valencia,1,1,1,1.15286,0.647724,1.1351852,2.0369678,-0.9017826000000002,1.4071138,1.6523488,-0.2452349999999998,1.4924155442043534,Valencia,Real Betis,0,1,1,0.647724,1.15286,1.339898,1.1937874,0.1461106000000001,1.3229934,1.2800570999999998,0.0429363000000002,0.9826194275652262,1.98,3.92,3.72,0,-0.6565476000000005,0.10317429999999989,0.08412039999999998,0.3271181,0.155716,0.5171659
20250524_Real Madrid_Real Sociedad,2025-05-24 14:15:00,ESP-La Liga,2425,Real Madrid,Real Sociedad,1,2,0,2.61915,1.18496,2.561074,1.9465528,0.6145212000000002,2.453124,1.5952006,0.8579233999999998,0.7745222929936307,Real Sociedad,Real Madrid,0,0,2,1.18496,2.61915,1.3699366000000002,1.1416514,0.2282852000000002,1.481289,1.2240342,0.2572548000000001,0.8101047060332548,1.44,5.12,6.73,1,-0.24340219999999957,-0.02896959999999993,0.9718349999999998,0.24980812,0.6458366,0.10435532
20250524_Bologna_Genoa,2025-05-24 16:00:00,ITA-Serie A,2425,Bologna,Genoa,1,1,3,0.628377,1.17343,0.9072966,0.9426196,-0.0353229999999999,1.1725738,0.9435213,0.2290524999999997,1.1939536821019865,Genoa,Bologna,0,3,1,1.17343,0.628377,0.8306657999999999,1.6723499999999998,-0.8416841999999999,0.8673999,1.3997088999999998,-0.5323089999999998,1.0375825065433988,1.44,5.12,6.73,2,-0.2643754999999996,-0.3093752000000001,0.3051739000000001,0.2865251,0.49781814,0.21565679
20250524_Espanyol_Las Palmas,2025-05-24 16:30:00,ESP-La Liga,2425,Espanyol,Las Palmas,1,2,0,1.72167,0.735505,1.2146838,1.4258254,-0.2111416000000001,1.2038142,1.1264797,0.0773345,0.9968307427917508,Las Palmas,Espanyol,0,0,2,0.735505,1.72167,0.8923834000000002,1.46259,-0.5702065999999999,1.0997684,1.5078444999999998,-0.4080760999999997,0.9092815275638692,1.44,5.12,6.73,1,-0.2884761000000001,-0.16213050000000018,0.10404579999999997,0.31787705,0.45792818,0.22419475
20250524_Leganes_Real Valladolid,2025-05-24 16:30:00,ESP-La Liga,2425,Leganes,Real Valladolid,1,3,0,1.74736,0.479375,1.0893024,1.4962952,-0.4069928,1.3177356,1.8246476,-0.5069119999999998,0.9106524020050744,Real Valladolid,Leganes,0,0,3,0.479375,1.74736,1.3093314,1.805904,-0.4965725999999999,1.1817026,2.140198,-0.9584954,0.6769887135826615,1.44,5.12,6.73,1,0.09991919999999982,0.4619228000000001,0.13603300000000007,0.36478403,0.2703779,0.36483803
20250524_AC Milan_Monza,2025-05-24 18:45:00,ITA-Serie A,2425,AC Milan,Monza,1,2,0,1.99268,0.516606,1.3200434,1.1140728,0.2059705999999999,1.8538877,1.2754337,0.578454,1.078813415282158,Monza,AC Milan,0,0,2,0.516606,1.99268,0.9974962000000002,1.856032,-0.8585358,0.9311155,1.8810728,-0.9499572999999996,0.7517856251070624,1.44,5.12,6.73,1,-0.37248340000000013,0.0914214999999996,0.9227722,0.2785803,0.6080607,0.11335901
20250524_Rayo Vallecano_Mallorca,2025-05-24 19:00:00,ESP-La Liga,2425,Rayo Vallecano,Mallorca,1,0,0,2.11982,0.747939,1.1129434000000002,1.6932744,-0.5803309999999997,0.9825679,1.8499337,-0.8673658000000001,1.2212884002333069,Mallorca,Rayo Vallecano,0,0,0,0.747939,2.11982,0.7710734,2.599628,-1.8285546,0.9623876,1.6603192,-0.6979316000000001,0.9351731722507935,1.44,5.12,6.73,0,0.28703480000000037,-1.130623,0.02018030000000004,0.18476276,0.31223306,0.5030042
20250524_Getafe_Celta Vigo,2025-05-24 19:00:00,ESP-La Liga,2425,Getafe,Celta Vigo,1,1,2,0.35897,1.30818,1.2446822,1.6161278,-0.3714455999999999,1.3221747,1.3760721,-0.0538973999999998,0.7563291323535896,Celta Vigo,Getafe,0,2,1,1.30818,0.35897,2.0021342,2.1005374,-0.0984031999999999,1.7353757,1.5886166,0.1467590999999999,0.9796143972660232,1.44,5.12,6.73,2,-0.31754820000000006,-0.24516229999999978,-0.41320100000000015,0.29427934,0.20258303,0.50313765
20250524_Alaves_Osasuna,2025-05-24 19:00:00,ESP-La Liga,2425,Alaves,Osasuna,1,1,1,1.57466,1.88098,1.131192,0.7378426,0.3933493999999999,1.1472055,1.1209386,0.0262668999999999,0.6101778537691339,Osasuna,Alaves,0,1,1,1.88098,1.57466,1.4029561999999998,1.101489,0.3014671999999998,1.423788,1.5156148,-0.0918267999999999,0.9832917658445176,1.44,5.12,6.73,0,0.3670825,0.3932939999999997,-0.27658249999999995,0.25980598,0.41559166,0.3246023
20250525_Girona_Atletico Madrid,2025-05-25 12:00:00,ESP-La Liga,2425,Girona,Atletico Madrid,1,0,4,0.0503369,3.10637,1.2070206,1.256171,-0.0491504,1.111633,1.5030589,-0.3914259000000002,0.8096189933017522,Atletico Madrid,Girona,0,4,0,3.10637,0.0503369,2.3471338,0.8470642000000002,1.5000695999999998,1.9881072,1.0349803,0.9531269,1.0059814651938963,1.34,5.82,8.37,2,0.34227550000000023,0.5469426999999998,-0.8764741999999999,0.21664375,0.23176315,0.5515931
20250525_Villarreal_Sevilla,2025-05-25 14:15:00,ESP-La Liga,2425,Villarreal,Sevilla,1,4,2,1.28805,1.64829,2.037534,1.197779,0.8397549999999998,1.723294,1.5462643,0.1770296999999998,1.0445106612622912,Sevilla,Villarreal,0,2,4,1.64829,1.28805,1.4603792,0.8994164000000001,0.5609627999999999,1.2254152,1.1002155,0.1251997,0.6528394189663888,1.34,5.82,8.37,1,0.6627253,0.43576309999999985,0.49787880000000007,0.16493951,0.6617286,0.1733319
20250525_Wolverhampton Wanderers_Brentford,2025-05-25 15:00:00,ENG-Premier League,2425,Wolverhampton Wanderers,Brentford,1,1,1,1.10889,1.97196,1.1099477999999998,1.2291906,-0.1192428000000003,1.3045849,1.3027048999999995,0.0018800000000003,1.2264428122364346,Brentford,Wolverhampton Wanderers,0,1,1,1.97196,1.10889,2.362858,1.0761119999999995,1.2867460000000004,1.7537066,1.3215579000000002,0.4321486999999997,0.9693748262253068,1.34,5.82,8.37,0,-0.1211228000000006,0.8545973000000007,-0.44912169999999985,0.21149535,0.23829605,0.5502086
20250525_Newcastle United_Everton,2025-05-25 15:00:00,ENG-Premier League,2425,Newcastle United,Everton,1,0,1,1.1591,1.07279,2.188312,1.1349564,1.0533555999999995,2.324604,1.1547401000000002,1.1698638999999995,0.9463973449252668,Everton,Newcastle United,0,1,0,1.07279,1.1591,1.3092238000000005,1.2101306,0.0990932000000002,1.2414565,1.0503342999999998,0.1911222000000001,0.886055301933413,1.34,5.82,8.37,2,-0.11650830000000001,-0.0920289999999999,1.0831475,0.16498356,0.74756795,0.08744847
20250525_Southampton_Arsenal,2025-05-25 15:00:00,ENG-Premier League,2425,Southampton,Arsenal,1,1,2,0.598144,2.40711,0.7192953999999999,1.769956,-1.0506606,0.7270141999999999,2.0965488,-1.3695346,0.8252922359807608,Arsenal,Southampton,0,2,1,2.40711,0.598144,2.027496,1.8218038,0.2056921999999996,1.7135524,1.3965518,0.3170006000000001,0.9337322081704604,1.34,5.82,8.37,2,0.3188739999999999,-0.11130840000000047,-0.9865382,0.17087612,0.18216331,0.64696056
20250525_Manchester United_Aston Villa,2025-05-25 15:00:00,ENG-Premier League,2425,Manchester United,Aston Villa,1,2,0,2.96259,0.335222,1.3669184,1.5681387999999998,-0.2012203999999999,1.3171199999999998,1.4813461,-0.1642261000000002,0.6833085191110005,Aston Villa,Manchester United,0,0,2,0.335222,2.96259,1.803454,0.9765206,0.8269333999999998,1.7820777,1.1483521,0.6337255999999998,1.0661706466723384,1.34,5.82,8.37,1,-0.0369942999999997,0.19320780000000004,-0.46495770000000025,0.23009712,0.21153021,0.5583727
20250525_Bournemouth_Leicester,2025-05-25 15:00:00,ENG-Premier League,2425,Bournemouth,Leicester,1,2,0,2.72449,0.156702,0.9353214,1.4049196000000002,-0.4695982000000001,1.4731866999999998,1.3370830000000002,0.1361036999999996,0.74668014130175,Leicester,Bournemouth,0,0,2,0.156702,2.72449,0.9814817999999998,2.1586308,-1.1771489999999998,0.8764201999999999,2.2911074,-1.4146872,0.9128031133888592,1.34,5.82,8.37,1,-0.6057018999999997,0.23753820000000014,0.5967665,0.2728271,0.62174535,0.10542755
20250525_Ipswich_West Ham,2025-05-25 15:00:00,ENG-Premier League,2425,Ipswich,West Ham,1,1,3,0.893095,0.967379,0.710119,1.9693610000000004,-1.2592420000000004,0.959225,2.2006365000000003,-1.2414115000000003,0.9382564692783556,West Ham,Ipswich,0,3,1,0.967379,0.893095,1.2775074,1.5049318,-0.2274244,1.1831934,1.4824719,-0.2992785,0.9296866178541752,1.34,5.82,8.37,2,-0.017830500000000082,0.0718541,-0.22396839999999996,0.34338042,0.2143454,0.44227412
20250525_Fulham_Manchester City,2025-05-25 15:00:00,ENG-Premier League,2425,Fulham,Manchester City,1,0,2,2.21797,2.45923,1.1661218,1.3467842,-0.1806623999999999,1.1820226,1.5652711,-0.3832484999999999,1.1844095160198156,Manchester City,Fulham,0,2,0,2.45923,2.21797,1.4568186,0.8794708,0.5773478000000001,1.7388531,0.9686011,0.7702520000000002,0.9776553421014448,1.34,5.82,8.37,2,0.2025861,-0.19290420000000008,-0.5568305,0.14594117,0.12920356,0.72485524
20250525_Tottenham_Brighton,2025-05-25 15:00:00,ENG-Premier League,2425,Tottenham,Brighton,1,1,4,1.85265,3.11624,1.0184084,1.9792904,-0.960882,1.3530832,1.7476111,-0.3945278999999999,0.7390523073139129,Brighton,Tottenham,0,4,1,3.11624,1.85265,1.3627385999999997,1.926644,-0.5639054000000003,1.6397122,1.6003422,0.0393699999999999,1.0977529485034334,1.34,5.82,8.37,2,-0.5663541000000001,-0.6032754000000002,-0.286629,0.31689313,0.22748767,0.4556192
20250525_Liverpool_Crystal Palace,2025-05-25 15:00:00,ENG-Premier League,2425,Liverpool,Crystal Palace,1,1,1,1.92122,1.4144,2.855324,1.7260593999999998,1.1292646000000002,2.479943,1.3617439,1.1181990999999996,0.8467933146877511,Crystal Palace,Liverpool,0,1,1,1.4144,1.92122,2.1706616,1.0916149999999998,1.0790466,1.9087383,1.5977169,0.3110214,0.7858590222352524,1.34,5.82,8.37,0,0.011065500000000617,0.7680252000000001,0.5712047,0.2004112,0.68805295,0.111535825
20250525_Nottingham Forest_Chelsea,2025-05-25 15:00:00,ENG-Premier League,2425,Nottingham Forest,Chelsea,1,0,1,1.58014,1.30874,1.1563557999999996,1.6686514,-0.5122956000000003,0.9494177,1.534606,-0.5851882999999999,1.4745865022460585,Chelsea,Nottingham Forest,0,1,0,1.30874,1.58014,1.3963217999999995,0.9315184000000002,0.4648033999999995,1.4726385,0.9828784,0.4897600999999999,0.7469580980273856,1.34,5.82,8.37,2,0.07289269999999959,-0.024956700000000442,-0.5232207999999999,0.20449805,0.1503519,0.64515007
20250525_Udinese_Fiorentina,2025-05-25 18:45:00,ITA-Serie A,2425,Udinese,Fiorentina,1,2,3,1.61711,3.06465,1.0148688,1.4652832,-0.4504144000000001,0.9726462,1.5373051,-0.5646588999999999,0.5140610079379244,Fiorentina,Udinese,0,3,2,3.06465,1.61711,0.9083532,1.122826,-0.2144728000000001,1.1753004,1.2862665,-0.1109660999999999,1.2762683682670677,1.34,5.82,8.37,2,0.11424449999999975,-0.1035067000000002,-0.2026542,0.2051385,0.35833257,0.43652892
20250525_Torino_Roma,2025-05-25 18:45:00,ITA-Serie A,2425,Torino,Roma,1,0,2,0.381059,2.64436,1.1196814000000002,1.3434884,-0.2238069999999998,0.9659165,1.4431602,-0.4772436999999999,0.8282280836613893,Roma,Torino,0,2,0,2.64436,0.381059,1.4390815999999995,1.3710416,0.0680399999999996,1.5306521,1.16431254,0.3663395599999999,0.783979074030556,1.34,5.82,8.37,2,0.25343670000000007,-0.2982995600000003,-0.5647356,0.2006538,0.16955286,0.62979335
20250525_Empoli_Verona,2025-05-25 18:45:00,ITA-Serie A,2425,Empoli,Verona,1,1,2,1.23351,0.833807,0.9488232,0.9405242,0.008299,1.00995544,1.2639413000000002,-0.2539858600000002,0.891127542094786,Verona,Empoli,0,2,1,0.833807,1.23351,0.5877984000000002,1.418924,-0.8311255999999999,0.7853403,1.0371554,-0.2518151,0.6366658674387811,1.34,5.82,8.37,2,0.2622848600000002,-0.5793104999999998,0.22461513999999994,0.27785262,0.43442506,0.2877223
20250525_Lazio_Lecce,2025-05-25 18:45:00,ITA-Serie A,2425,Lazio,Lecce,1,0,1,1.73521,0.708667,1.617236,0.9033673999999998,0.7138686000000003,1.4083586,1.0504424999999995,0.3579161000000004,0.8520551143330155,Lecce,Lazio,0,1,0,0.708667,1.73521,0.9235928,1.1829268000000002,-0.259334,1.0148413,1.5017011,-0.4868597999999999,0.7882998176169835,1.34,5.82,8.37,2,0.3559524999999999,0.2275257999999999,0.39351729999999985,0.25302437,0.6691058,0.07786984
20250525_Venezia_Juventus,2025-05-25 18:45:00,ITA-Serie A,2425,Venezia,Juventus,1,2,3,1.01327,1.66948,1.3197436,1.6207521999999996,-0.3010085999999996,1.2656611999999998,1.4030673,-0.1374061000000002,0.6320801869566778,Juventus,Venezia,0,3,2,1.66948,1.01327,1.2796128,0.7334178,0.546195,1.2395816,1.0685728,0.1710088,0.8067231663303438,1.34,5.82,8.37,2,-0.16360249999999943,0.3751862,0.02607959999999987,0.3184278,0.25192907,0.42964315
20250525_Atalanta_Parma Calcio 1913,2025-05-25 18:45:00,ITA-Serie A,2425,Atalanta,Parma Calcio 1913,1,2,3,1.90265,2.82535,2.406416,0.9579306,1.4484854000000005,1.9766708,1.1008429,0.8758279000000002,0.8600314933414843,Parma Calcio 1913,Atalanta,0,3,2,2.82535,1.90265,1.0643094,1.050319,0.0139903999999999,1.0204205000000002,1.0519745,-0.0315539999999998,0.8819884724106655,1.34,5.82,8.37,2,0.5726575000000003,0.04554439999999969,0.9562502999999998,0.1845764,0.7306399,0.08478368
20250525_Athletic Club_Barcelona,2025-05-25 19:00:00,ESP-La Liga,2425,Athletic Club,Barcelona,1,0,3,0.750806,3.36402,1.3433936,0.7352380000000001,0.6081555999999999,1.2229015,1.0520902,0.1708113,0.7359540110515761,Barcelona,Athletic Club,0,3,0,3.36402,0.750806,2.4114894,1.4221862,0.9893031999999996,2.4583207,1.1489067,1.309414,0.9762758063763584,1.34,5.82,8.37,2,0.4373442999999999,-0.3201108000000005,-1.2354191999999997,0.17210793,0.34055838,0.4873337
