match_id,season,match_date,home_team,away_team,home_pos,away_pos,hg,ag,actual,odds_away,odds_draw,odds_home,diff,gano,profit,league
433,2025-2026,2025-09-23,Espanol,Valencia,4.0,11.0,2,2,draw,3.3,3.18,2.26,-7.0,False,-10.0,SP1
442,2025-2026,2025-09-27,Getafe,Levante,7.0,17.0,1,1,draw,3.95,3.13,2.05,-10.0,False,-10.0,SP1
447,2025-2026,2025-09-28,Elche,Celta,7.0,14.0,2,1,home,2.57,3.14,2.78,-7.0,False,-10.0,SP1
450,2025-2026,2025-09-30,Valencia,Oviedo,12.0,19.0,1,2,away,5.11,3.64,1.68,-7.0,True,41.1,SP1
454,2025-2026,2025-10-04,Ath Bilbao,Mallorca,10.0,20.0,2,1,home,6.8,3.92,1.52,-10.0,False,-10.0,SP1
465,2025-2026,2025-10-18,Ath Madrid,Osasuna,6.0,12.0,1,0,home,8.72,4.68,1.37,-6.0,False,-10.0,SP1
481,2025-2026,2025-10-31,Getafe,Girona,10.0,20.0,2,1,home,3.91,2.95,2.15,-10.0,False,-10.0,SP1
483,2025-2026,2025-11-01,Ath Madrid,Sevilla,4.0,11.0,3,0,home,8.78,5.3,1.32,-7.0,False,-10.0,SP1
488,2025-2026,2025-11-02,Barcelona,Elche,3.0,9.0,3,1,home,12.22,6.46,1.21,-6.0,False,-10.0,SP1
489,2025-2026,2025-11-02,Betis,Mallorca,7.0,16.0,3,0,home,5.42,4.02,1.58,-9.0,False,-10.0,SP1
496,2025-2026,2025-11-09,Ath Bilbao,Oviedo,12.0,20.0,1,0,home,7.53,3.9,1.48,-8.0,False,-10.0,SP1
528,2025-2026,2025-12-07,Elche,Girona,11.0,18.0,3,0,home,3.34,3.41,2.12,-7.0,False,-10.0,SP1
538,2025-2026,2025-12-14,Sevilla,Oviedo,13.0,19.0,4,0,home,4.3,3.32,1.88,-6.0,False,-10.0,SP1
546,2025-2026,2025-12-20,Real Madrid,Sevilla,2.0,9.0,2,0,home,12.31,6.82,1.21,-7.0,False,-10.0,SP1
553,2025-2026,2026-01-03,Celta,Valencia,7.0,17.0,4,1,home,4.0,3.31,1.96,-10.0,False,-10.0,SP1
557,2025-2026,2026-01-04,Sevilla,Levante,11.0,20.0,0,3,away,4.48,3.6,1.77,-9.0,True,34.800000000000004,SP1
570,2025-2026,2026-01-16,Espanol,Girona,5.0,13.0,0,2,away,4.26,3.43,1.87,-8.0,True,32.599999999999994,SP1
590,2025-2026,2026-01-30,Espanol,Alaves,5.0,15.0,1,2,away,4.47,3.07,1.95,-10.0,True,34.699999999999996,SP1
596,2025-2026,2026-02-01,Betis,Valencia,6.0,15.0,2,1,home,4.31,3.47,1.83,-9.0,False,-10.0,SP1
603,2025-2026,2026-02-08,Alaves,Getafe,10.0,16.0,0,2,away,3.69,2.78,2.3,-6.0,True,26.9,SP1
604,2025-2026,2026-02-08,Ath Bilbao,Levante,12.0,19.0,4,2,home,5.52,3.8,1.61,-7.0,False,-10.0,SP1
613,2025-2026,2026-02-14,Real Madrid,Sociedad,2.0,8.0,4,1,home,7.59,5.27,1.34,-6.0,False,-10.0,SP1
620,2025-2026,2026-02-20,Ath Bilbao,Elche,9.0,16.0,2,1,home,5.03,3.83,1.66,-7.0,False,-10.0,SP1
637,2025-2026,2026-03-01,Betis,Sevilla,5.0,12.0,2,2,draw,4.42,3.63,1.77,-7.0,False,-10.0,SP1
642,2025-2026,2026-03-07,Osasuna,Mallorca,10.0,18.0,2,2,draw,4.93,3.55,1.74,-8.0,False,-10.0,SP1
674,2025-2026,2026-04-04,Betis,Espanol,5.0,11.0,0,0,draw,4.59,3.88,1.71,-6.0,False,-10.0,SP1
681,2025-2026,2026-04-10,Real Madrid,Girona,2.0,12.0,1,1,draw,8.57,5.76,1.3,-10.0,False,-10.0,SP1
682,2025-2026,2026-04-11,Sociedad,Alaves,7.0,15.0,3,3,draw,4.76,3.68,1.72,-8.0,False,-10.0,SP1
684,2025-2026,2026-04-11,Barcelona,Espanol,1.0,10.0,4,1,home,9.39,6.26,1.26,-9.0,False,-10.0,SP1
708,2025-2026,2026-04-26,Osasuna,Sevilla,10.0,18.0,2,1,home,3.55,3.35,2.03,-8.0,False,-10.0,SP1
716,2025-2026,2026-05-03,Celta,Elche,6.0,14.0,3,1,home,4.24,3.81,1.75,-8.0,False,-10.0,SP1
727,2025-2026,2026-05-10,Ath Bilbao,Valencia,9.0,15.0,0,1,away,4.73,3.67,1.71,-6.0,True,37.300000000000004,SP1
730,2025-2026,2026-05-11,Vallecano,Girona,11.0,17.0,1,1,draw,2.92,3.39,2.3,-6.0,False,-10.0,SP1
732,2025-2026,2026-05-12,Betis,Elche,5.0,14.0,2,1,home,5.25,4.16,1.57,-9.0,False,-10.0,SP1
737,2025-2026,2026-05-13,Getafe,Mallorca,7.0,17.0,3,1,home,3.51,3.07,2.19,-10.0,False,-10.0,SP1
753,2025-2026,2026-05-23,Celta,Sevilla,6.0,14.0,1,0,home,4.52,3.68,1.74,-8.0,False,-10.0,SP1
755,2025-2026,2026-05-23,Getafe,Osasuna,8.0,15.0,1,0,home,3.38,2.77,2.41,-7.0,False,-10.0,SP1
758,2025-2026,2026-05-23,Real Madrid,Ath Bilbao,2.0,12.0,4,2,home,5.84,4.63,1.46,-10.0,False,-10.0,SP1
807,2025-2026,2025-09-20,Groningen,Telstar,7.0,15.0,2,0,home,4.37,3.67,1.78,-8.0,False,-10.0,N1
814,2025-2026,2025-09-24,AZ Alkmaar,Zwolle,5.0,13.0,2,2,draw,8.04,5.35,1.33,-8.0,False,-10.0,N1
816,2025-2026,2025-09-27,Ajax,NAC Breda,3.0,13.0,2,1,home,9.25,6.15,1.26,-10.0,False,-10.0,N1
822,2025-2026,2025-09-28,Utrecht,Heerenveen,9.0,16.0,2,2,draw,3.95,3.87,1.8,-7.0,False,-10.0,N1
829,2025-2026,2025-10-05,Twente,Heracles,9.0,18.0,2,1,home,8.13,5.5,1.32,-9.0,False,-10.0,N1
830,2025-2026,2025-10-05,Feyenoord,Utrecht,2.0,9.0,3,2,home,6.26,4.56,1.46,-7.0,False,-10.0,N1
831,2025-2026,2025-10-05,AZ Alkmaar,Telstar,8.0,14.0,2,1,home,9.08,5.94,1.27,-6.0,False,-10.0,N1
834,2025-2026,2025-10-18,PSV Eindhoven,Go Ahead Eagles,2.0,10.0,2,1,home,8.92,6.66,1.24,-8.0,False,-10.0,N1
840,2025-2026,2025-10-19,Groningen,Sparta Rotterdam,5.0,12.0,0,2,away,4.0,3.62,1.84,-7.0,True,30.0,N1
851,2025-2026,2025-10-31,PSV Eindhoven,For Sittard,2.0,12.0,5,2,home,14.13,8.11,1.15,-10.0,False,-10.0,N1
852,2025-2026,2025-11-01,Ajax,Heerenveen,4.0,11.0,1,1,draw,5.12,4.52,1.53,-7.0,False,-10.0,N1
860,2025-2026,2025-11-07,Twente,Telstar,9.0,17.0,0,0,draw,8.11,5.32,1.32,-8.0,False,-10.0,N1
877,2025-2026,2025-11-23,Groningen,Zwolle,7.0,16.0,2,2,draw,5.69,4.06,1.54,-9.0,False,-10.0,N1
880,2025-2026,2025-11-29,For Sittard,Heracles,10.0,17.0,1,1,draw,3.24,3.56,2.09,-7.0,False,-10.0,N1
881,2025-2026,2025-11-29,Nijmegen,Sparta Rotterdam,4.0,11.0,3,1,home,4.63,4.29,1.61,-7.0,False,-10.0,N1
897,2025-2026,2025-12-13,Groningen,Volendam,6.0,15.0,3,0,home,6.65,4.64,1.42,-9.0,False,-10.0,N1
913,2025-2026,2026-01-10,AZ Alkmaar,Volendam,7.0,16.0,1,0,home,11.28,6.86,1.2,-9.0,False,-10.0,N1
914,2025-2026,2026-01-10,Twente,Zwolle,7.0,14.0,1,1,draw,9.11,5.69,1.28,-7.0,False,-10.0,N1
920,2025-2026,2026-01-11,Sparta Rotterdam,Heracles,10.0,18.0,2,0,home,3.93,3.78,1.81,-8.0,False,-10.0,N1
921,2025-2026,2026-01-17,Ajax,Go Ahead Eagles,3.0,12.0,2,2,draw,5.93,4.66,1.46,-9.0,False,-10.0,N1
929,2025-2026,2026-01-18,Feyenoord,Sparta Rotterdam,2.0,8.0,3,4,away,6.69,4.81,1.4,-6.0,True,56.900000000000006,N1
930,2025-2026,2026-01-21,AZ Alkmaar,Excelsior,8.0,14.0,1,1,draw,8.64,5.82,1.28,-6.0,False,-10.0,N1
932,2025-2026,2026-01-24,Nijmegen,Zwolle,4.0,11.0,2,1,home,5.95,4.66,1.45,-7.0,False,-10.0,N1
934,2025-2026,2026-01-24,Twente,Excelsior,6.0,14.0,0,0,draw,8.12,5.16,1.32,-8.0,False,-10.0,N1
936,2025-2026,2026-01-25,Groningen,For Sittard,6.0,12.0,1,2,away,5.28,4.02,1.57,-6.0,True,42.800000000000004,N1
950,2025-2026,2026-02-07,Zwolle,Volendam,9.0,15.0,1,2,away,4.78,3.8,1.68,-6.0,True,37.800000000000004,N1
958,2025-2026,2026-02-11,Nijmegen,Utrecht,3.0,13.0,1,3,away,4.33,3.91,1.72,-10.0,True,33.3,N1
962,2025-2026,2026-02-14,Ajax,For Sittard,4.0,11.0,4,1,home,7.49,5.06,1.35,-7.0,False,-10.0,N1
969,2025-2026,2026-02-21,PSV Eindhoven,Heerenveen,1.0,8.0,3,1,home,6.89,5.36,1.36,-7.0,False,-10.0,N1
980,2025-2026,2026-02-28,Nijmegen,For Sittard,3.0,11.0,2,3,away,6.17,4.86,1.41,-8.0,True,51.7,N1
991,2025-2026,2026-03-08,For Sittard,Telstar,11.0,17.0,1,4,away,3.17,3.6,2.07,-6.0,True,21.7,N1
994,2025-2026,2026-03-08,Nijmegen,Volendam,5.0,14.0,3,0,home,7.61,5.42,1.32,-9.0,False,-10.0,N1
998,2025-2026,2026-03-14,Heerenveen,Telstar,8.0,16.0,3,0,home,4.23,4.09,1.69,-8.0,False,-10.0,N1
1013,2025-2026,2026-04-04,PSV Eindhoven,Utrecht,1.0,7.0,4,3,home,5.72,4.38,1.48,-6.0,False,-10.0,N1
1019,2025-2026,2026-04-05,Heerenveen,Heracles,9.0,18.0,4,1,home,5.63,4.63,1.46,-9.0,False,-10.0,N1
1022,2025-2026,2026-04-10,Twente,Volendam,4.0,14.0,2,1,home,11.42,6.84,1.18,-10.0,False,-10.0,N1
1023,2025-2026,2026-04-11,Utrecht,Telstar,9.0,15.0,4,1,home,5.33,3.92,1.58,-6.0,False,-10.0,N1
1034,2025-2026,2026-04-25,Feyenoord,Groningen,2.0,9.0,3,1,home,4.63,4.22,1.6,-7.0,False,-10.0,N1
1040,2025-2026,2026-05-02,Utrecht,NAC Breda,8.0,17.0,2,0,home,3.96,3.85,1.75,-9.0,False,-10.0,N1
1061,2025-2026,2026-05-17,Nijmegen,Go Ahead Eagles,4.0,12.0,2,1,home,6.98,5.25,1.35,-8.0,False,-10.0,N1
1117,2025-2026,2025-09-21,Gil Vicente,Estoril,6.0,12.0,2,0,home,3.13,3.16,2.27,-6.0,False,-10.0,P1
1122,2025-2026,2025-09-27,Moreirense,Casa Pia,5.0,11.0,2,1,home,3.61,3.09,2.09,-6.0,False,-10.0,P1
1123,2025-2026,2025-09-27,Santa Clara,Tondela,9.0,17.0,1,2,away,5.18,3.39,1.7,-8.0,True,41.8,P1
1127,2025-2026,2025-09-28,Sp Braga,Nacional,7.0,17.0,0,1,away,6.93,4.36,1.42,-10.0,True,59.3,P1
1131,2025-2026,2025-10-04,Gil Vicente,Estrela,5.0,12.0,2,0,home,5.38,3.54,1.65,-7.0,False,-10.0,P1
1137,2025-2026,2025-10-05,Sp Lisbon,Sp Braga,2.0,10.0,1,1,draw,6.26,4.4,1.45,-8.0,False,-10.0,P1
1141,2025-2026,2025-10-25,Benfica,Arouca,4.0,12.0,5,0,home,14.09,7.13,1.16,-8.0,False,-10.0,P1
1148,2025-2026,2025-10-31,Sp Lisbon,Alverca,2.0,12.0,2,0,home,18.81,8.55,1.11,-10.0,False,-10.0,P1
1151,2025-2026,2025-11-01,Rio Ave,Estoril,8.0,16.0,0,4,away,2.83,3.26,2.4,-8.0,True,18.3,P1
1166,2025-2026,2025-11-28,Guimaraes,AVS,8.0,18.0,4,0,home,4.94,3.5,1.7,-10.0,False,-10.0,P1
1173,2025-2026,2025-11-30,Porto,Estoril,2.0,10.0,1,0,home,10.72,5.64,1.24,-8.0,False,-10.0,P1
1194,2025-2026,2025-12-20,Gil Vicente,Rio Ave,5.0,11.0,2,2,draw,4.8,3.53,1.71,-6.0,False,-10.0,P1
1202,2025-2026,2025-12-27,Famalicao,Estrela,6.0,14.0,2,3,away,5.61,3.81,1.56,-8.0,True,46.1,P1
1207,2025-2026,2025-12-28,Sp Lisbon,Rio Ave,2.0,11.0,4,0,home,14.63,7.56,1.14,-9.0,False,-10.0,P1
1210,2025-2026,2026-01-02,Guimaraes,Nacional,7.0,13.0,2,1,home,4.17,3.38,1.85,-6.0,False,-10.0,P1
1212,2025-2026,2026-01-03,Benfica,Estoril,3.0,9.0,3,1,home,11.31,5.89,1.22,-6.0,False,-10.0,P1
1219,2025-2026,2026-01-11,Moreirense,Tondela,7.0,17.0,1,0,home,3.49,3.21,2.09,-10.0,False,-10.0,P1
1221,2025-2026,2026-01-17,Gil Vicente,Nacional,4.0,13.0,2,1,home,5.3,3.68,1.62,-9.0,False,-10.0,P1
1230,2025-2026,2026-01-24,Moreirense,Santa Clara,6.0,14.0,1,0,home,2.76,2.87,2.71,-8.0,False,-10.0,P1
1234,2025-2026,2026-01-25,Benfica,Estrela,3.0,13.0,4,0,home,18.86,7.72,1.12,-10.0,False,-10.0,P1
1235,2025-2026,2026-01-25,Famalicao,Tondela,7.0,17.0,3,0,home,5.58,3.7,1.59,-10.0,False,-10.0,P1
1243,2025-2026,2026-02-01,Sp Lisbon,Nacional,2.0,11.0,2,1,home,16.71,7.87,1.13,-9.0,False,-10.0,P1
1249,2025-2026,2026-02-07,Estoril,Tondela,7.0,17.0,2,2,draw,4.6,3.76,1.68,-10.0,False,-10.0,P1
1252,2025-2026,2026-02-08,Sp Braga,Rio Ave,5.0,14.0,3,0,home,10.56,5.77,1.23,-9.0,False,-10.0,P1
1253,2025-2026,2026-02-08,Benfica,Alverca,3.0,10.0,2,1,home,15.65,6.23,1.17,-7.0,False,-10.0,P1
1254,2025-2026,2026-02-09,Famalicao,AVS,8.0,18.0,3,1,home,7.68,4.49,1.37,-10.0,False,-10.0,P1
1265,2025-2026,2026-02-20,Estrela,Tondela,11.0,17.0,0,2,away,2.79,3.05,2.55,-6.0,True,17.9,P1
1266,2025-2026,2026-02-21,Alverca,Santa Clara,10.0,17.0,1,1,draw,2.62,2.88,2.85,-7.0,False,-10.0,P1
1274,2025-2026,2026-02-27,Porto,Arouca,1.0,11.0,3,1,home,12.23,5.77,1.21,-10.0,False,-10.0,P1
1284,2025-2026,2026-03-07,Alverca,AVS,10.0,18.0,0,0,draw,4.68,3.56,1.7,-8.0,False,-10.0,P1
1285,2025-2026,2026-03-07,Moreirense,Nacional,7.0,14.0,1,1,draw,2.97,3.19,2.31,-7.0,False,-10.0,P1
1298,2025-2026,2026-03-15,Porto,Moreirense,1.0,8.0,3,0,home,15.54,6.0,1.17,-7.0,False,-10.0,P1
1300,2025-2026,2026-03-21,Famalicao,Nacional,6.0,16.0,1,0,home,4.59,3.72,1.67,-10.0,False,-10.0,P1
1302,2025-2026,2026-03-21,Benfica,Guimaraes,3.0,9.0,3,0,home,9.35,5.22,1.28,-6.0,False,-10.0,P1
1305,2025-2026,2026-03-22,Estoril,Rio Ave,7.0,14.0,1,2,away,4.27,3.79,1.71,-7.0,True,32.699999999999996,P1
1309,2025-2026,2026-04-03,Guimaraes,Tondela,9.0,17.0,5,0,home,4.32,3.4,1.79,-8.0,False,-10.0,P1
1323,2025-2026,2026-04-12,Sp Braga,Arouca,4.0,12.0,1,0,home,7.19,4.59,1.37,-8.0,False,-10.0,P1
1326,2025-2026,2026-04-17,Rio Ave,AVS,11.0,18.0,2,2,draw,4.61,3.68,1.69,-7.0,False,-10.0,P1
1338,2025-2026,2026-04-25,Benfica,Moreirense,2.0,8.0,4,1,home,15.6,7.63,1.13,-6.0,False,-10.0,P1
1344,2025-2026,2026-04-27,Gil Vicente,Casa Pia,6.0,16.0,2,1,home,5.72,3.75,1.54,-10.0,False,-10.0,P1
1347,2025-2026,2026-05-02,Moreirense,Estrela,8.0,15.0,3,2,home,2.8,3.15,2.43,-7.0,False,-10.0,P1
1350,2025-2026,2026-05-02,Porto,Alverca,1.0,9.0,1,0,home,12.91,6.18,1.19,-8.0,False,-10.0,P1
1352,2025-2026,2026-05-03,Sp Braga,Estoril,4.0,10.0,1,1,draw,4.33,3.86,1.69,-6.0,False,-10.0,P1
1360,2025-2026,2026-05-11,Guimaraes,Casa Pia,7.0,16.0,0,1,away,4.3,3.67,1.72,-9.0,True,33.0,P1
1364,2025-2026,2026-05-16,Moreirense,AVS,8.0,18.0,0,0,draw,4.16,3.62,1.76,-10.0,False,-10.0,P1
1366,2025-2026,2026-05-16,Arouca,Tondela,11.0,17.0,3,1,home,2.15,3.46,3.0,-6.0,False,-10.0,P1
1371,2025-2026,2026-05-16,Famalicao,Alverca,5.0,11.0,1,0,home,4.92,3.93,1.59,-6.0,False,-10.0,P1
